{
  "total_return": 0.01709653160399771,
  "annual_return": 1.349922479641338,
  "volatility": 0.1279170548765721,
  "sharpe_ratio": 10.55310787872568,
  "max_drawdown": -0.00554612366995164,
  "win_rate": 0.4,
  "num_trades": 5,
  "avg_return_per_period": 0.0034220011629234777
}